time,heart_rate
2023-01-17T00:00:00Z,76
2023-01-17T00:01:00Z,68
2023-01-17T00:02:00Z,73
2023-01-17T00:03:00Z,80
2023-01-17T00:04:00Z,74
2023-01-17T00:05:00Z,79
2023-01-17T00:06:00Z,72
2023-01-17T00:07:00Z,87
2023-01-17T00:08:00Z,81
2023-01-17T00:09:00Z,69
2023-01-17T00:10:00Z,75
2023-01-17T00:11:00Z,84
2023-01-17T00:12:00Z,63
2023-01-17T00:13:00Z,64
2023-01-17T00:14:00Z,66
2023-01-17T00:15:00Z,64
2023-01-17T00:16:00Z,70
2023-01-17T00:17:00Z,81
2023-01-17T00:18:00Z,73
2023-01-17T00:19:00Z,76
2023-01-17T00:20:00Z,77
2023-01-17T00:21:00Z,60
2023-01-17T00:22:00Z,61
2023-01-17T00:23:00Z,68
2023-01-17T00:24:00Z,75
2023-01-17T06:00:00Z,87
2023-01-17T06:01:00Z,81
2023-01-17T06:02:00Z,76
2023-01-17T06:03:00Z,73
2023-01-17T06:04:00Z,73
2023-01-17T06:05:00Z,71
2023-01-17T06:06:00Z,72
2023-01-17T06:07:00Z,72
2023-01-17T06:08:00Z,74
2023-01-17T06:09:00Z,76
2023-01-17T06:10:00Z,78
2023-01-17T06:11:00Z,78
2023-01-17T06:12:00Z,75
2023-01-17T06:13:00Z,69
2023-01-17T06:14:00Z,60
2023-01-17T06:15:00Z,56
2023-01-17T06:16:00Z,53
2023-01-17T06:17:00Z,54
2023-01-17T06:18:00Z,57
2023-01-17T06:19:00Z,54
2023-01-17T06:20:00Z,55
2023-01-17T06:21:00Z,54
2023-01-17T06:22:00Z,59
2023-01-17T06:23:00Z,60
2023-01-17T06:24:00Z,58
2023-01-17T06:25:00Z,59
2023-01-17T06:26:00Z,57
2023-01-17T06:27:00Z,56
2023-01-17T06:28:00Z,56
2023-01-17T06:29:00Z,55
2023-01-17T06:30:00Z,55
2023-01-17T06:31:00Z,58
2023-01-17T06:32:00Z,55
2023-01-17T06:33:00Z,56
2023-01-17T06:34:00Z,54
2023-01-17T06:35:00Z,57
2023-01-17T06:36:00Z,54
2023-01-17T06:37:00Z,53
2023-01-17T06:38:00Z,57
2023-01-17T06:39:00Z,54
2023-01-17T06:40:00Z,54
2023-01-17T06:41:00Z,54
2023-01-17T06:42:00Z,55
2023-01-17T06:43:00Z,54
2023-01-17T06:44:00Z,54
2023-01-17T06:45:00Z,53
2023-01-17T06:46:00Z,53
2023-01-17T06:47:00Z,57
2023-01-17T06:48:00Z,63
2023-01-17T06:49:00Z,64
2023-01-17T06:50:00Z,58
2023-01-17T06:51:00Z,58
2023-01-17T06:52:00Z,52
2023-01-17T06:53:00Z,56
2023-01-17T06:54:00Z,57
2023-01-17T06:55:00Z,60
2023-01-17T06:56:00Z,71
2023-01-17T06:57:00Z,73
2023-01-17T06:58:00Z,66
2023-01-17T06:59:00Z,62
2023-01-17T07:00:00Z,62
2023-01-17T07:01:00Z,58
2023-01-17T07:02:00Z,54
2023-01-17T07:03:00Z,54
2023-01-17T07:04:00Z,52
2023-01-17T07:05:00Z,61
2023-01-17T07:06:00Z,63
2023-01-17T07:07:00Z,64
2023-01-17T07:08:00Z,83
2023-01-17T07:09:00Z,71
2023-01-17T07:10:00Z,73
2023-01-17T07:11:00Z,76
2023-01-17T07:12:00Z,78
2023-01-17T07:13:00Z,76
2023-01-17T07:14:00Z,74
2023-01-17T07:15:00Z,73
2023-01-17T07:16:00Z,66
2023-01-17T07:17:00Z,59
2023-01-17T07:18:00Z,60
2023-01-17T07:19:00Z,62
2023-01-17T07:20:00Z,63
2023-01-17T07:21:00Z,58
2023-01-17T07:22:00Z,72
2023-01-17T07:23:00Z,90
2023-01-17T07:24:00Z,79
2023-01-17T07:25:00Z,76
2023-01-17T07:26:00Z,65
2023-01-17T07:27:00Z,64
2023-01-17T07:28:00Z,68
2023-01-17T07:29:00Z,69
2023-01-17T07:30:00Z,71
2023-01-17T07:31:00Z,69
2023-01-17T07:32:00Z,69
2023-01-17T07:33:00Z,71
2023-01-17T07:34:00Z,69
2023-01-17T07:35:00Z,72
2023-01-17T07:36:00Z,68
2023-01-17T07:37:00Z,68
2023-01-17T07:38:00Z,80
2023-01-17T07:39:00Z,92
2023-01-17T07:40:00Z,108
2023-01-17T07:41:00Z,95
2023-01-17T07:42:00Z,76
2023-01-17T07:43:00Z,86
2023-01-17T07:44:00Z,91
2023-01-17T07:45:00Z,90
2023-01-17T07:46:00Z,92
2023-01-17T07:47:00Z,82
2023-01-17T07:48:00Z,73
2023-01-17T07:49:00Z,74
2023-01-17T07:50:00Z,72
2023-01-17T07:51:00Z,76
2023-01-17T07:52:00Z,73
2023-01-17T07:53:00Z,76
2023-01-17T07:54:00Z,75
2023-01-17T07:55:00Z,73
2023-01-17T07:56:00Z,73
2023-01-17T07:57:00Z,71
2023-01-17T07:58:00Z,79
2023-01-17T07:59:00Z,72
2023-01-17T08:00:00Z,78
2023-01-17T08:01:00Z,77
2023-01-17T08:02:00Z,75
2023-01-17T08:03:00Z,74
2023-01-17T08:04:00Z,79
2023-01-17T08:05:00Z,78
2023-01-17T08:06:00Z,78
2023-01-17T08:07:00Z,77
2023-01-17T08:08:00Z,79
2023-01-17T08:09:00Z,81
2023-01-17T08:10:00Z,77
2023-01-17T08:11:00Z,76
2023-01-17T08:12:00Z,89
2023-01-17T08:13:00Z,96
2023-01-17T08:14:00Z,110
2023-01-17T08:15:00Z,95
2023-01-17T08:16:00Z,74
2023-01-17T08:17:00Z,76
2023-01-17T08:18:00Z,79
2023-01-17T08:19:00Z,78
2023-01-17T08:20:00Z,77
2023-01-17T08:21:00Z,78
2023-01-17T08:22:00Z,76
2023-01-17T08:23:00Z,74
2023-01-17T08:24:00Z,75
2023-01-17T08:25:00Z,76
2023-01-17T08:26:00Z,74
2023-01-17T08:27:00Z,74
2023-01-17T08:28:00Z,74
2023-01-17T08:29:00Z,74
2023-01-17T08:30:00Z,77
2023-01-17T08:31:00Z,76
2023-01-17T08:32:00Z,72
2023-01-17T08:33:00Z,69
2023-01-17T08:34:00Z,70
2023-01-17T08:35:00Z,73
2023-01-17T08:36:00Z,68
2023-01-17T08:37:00Z,68
2023-01-17T08:38:00Z,73
2023-01-17T08:39:00Z,69
2023-01-17T08:40:00Z,70
2023-01-17T08:41:00Z,68
2023-01-17T08:42:00Z,68
2023-01-17T08:43:00Z,74
2023-01-17T08:44:00Z,67
2023-01-17T08:45:00Z,65
2023-01-17T08:46:00Z,66
2023-01-17T08:47:00Z,67
2023-01-17T08:48:00Z,66
2023-01-17T08:49:00Z,67
2023-01-17T08:50:00Z,72
2023-01-17T08:51:00Z,68
2023-01-17T08:52:00Z,71
2023-01-17T08:53:00Z,69
2023-01-17T08:54:00Z,64
2023-01-17T08:55:00Z,64
2023-01-17T08:56:00Z,66
2023-01-17T08:57:00Z,67
2023-01-17T08:58:00Z,70
2023-01-17T08:59:00Z,68
2023-01-17T09:00:00Z,66
2023-01-17T09:01:00Z,68
2023-01-17T09:02:00Z,66
2023-01-17T09:03:00Z,65
2023-01-17T09:04:00Z,65
2023-01-17T09:05:00Z,63
2023-01-17T09:06:00Z,66
2023-01-17T09:07:00Z,66
2023-01-17T09:08:00Z,63
2023-01-17T09:09:00Z,69
2023-01-17T09:10:00Z,75
2023-01-17T09:11:00Z,66
2023-01-17T09:12:00Z,65
2023-01-17T09:13:00Z,71
2023-01-17T09:14:00Z,75
2023-01-17T09:15:00Z,73
2023-01-17T09:16:00Z,81
2023-01-17T09:17:00Z,86
2023-01-17T09:18:00Z,75
2023-01-17T09:19:00Z,70
2023-01-17T09:20:00Z,67
2023-01-17T09:21:00Z,69
2023-01-17T09:22:00Z,79
2023-01-17T09:23:00Z,74
2023-01-17T09:24:00Z,74
2023-01-17T09:25:00Z,71
2023-01-17T09:26:00Z,71
2023-01-17T09:27:00Z,65
2023-01-17T09:28:00Z,66
2023-01-17T09:29:00Z,70
2023-01-17T09:30:00Z,73
2023-01-17T09:31:00Z,61
2023-01-17T09:32:00Z,64
2023-01-17T09:33:00Z,61
2023-01-17T09:34:00Z,71
2023-01-17T09:35:00Z,72
2023-01-17T09:36:00Z,70
2023-01-17T09:37:00Z,71
2023-01-17T09:38:00Z,66
2023-01-17T09:39:00Z,65
2023-01-17T09:40:00Z,67
2023-01-17T09:41:00Z,73
2023-01-17T09:42:00Z,77
2023-01-17T09:43:00Z,85
2023-01-17T09:44:00Z,81
2023-01-17T09:45:00Z,78
2023-01-17T09:46:00Z,74
2023-01-17T09:47:00Z,62
2023-01-17T09:48:00Z,69
2023-01-17T09:49:00Z,68
2023-01-17T09:50:00Z,68
2023-01-17T09:51:00Z,68
2023-01-17T09:52:00Z,66
2023-01-17T09:53:00Z,64
2023-01-17T09:54:00Z,64
2023-01-17T09:55:00Z,64
2023-01-17T09:56:00Z,65
2023-01-17T09:57:00Z,61
2023-01-17T09:58:00Z,69
2023-01-17T09:59:00Z,72
2023-01-17T10:00:00Z,72
2023-01-17T10:01:00Z,70
2023-01-17T10:02:00Z,73
2023-01-17T10:03:00Z,75
2023-01-17T10:04:00Z,69
2023-01-17T10:05:00Z,68
2023-01-17T10:06:00Z,66
2023-01-17T10:07:00Z,67
2023-01-17T10:08:00Z,66
2023-01-17T10:09:00Z,63
2023-01-17T10:10:00Z,66
2023-01-17T10:11:00Z,71
2023-01-17T10:12:00Z,69
2023-01-17T10:13:00Z,64
2023-01-17T10:14:00Z,67
2023-01-17T10:15:00Z,63
2023-01-17T10:16:00Z,65
2023-01-17T10:17:00Z,68
2023-01-17T10:18:00Z,63
2023-01-17T10:19:00Z,62
2023-01-17T10:20:00Z,66
2023-01-17T10:21:00Z,64
2023-01-17T10:22:00Z,60
2023-01-17T10:23:00Z,66
2023-01-17T10:24:00Z,68
2023-01-17T10:25:00Z,67
2023-01-17T10:26:00Z,69
2023-01-17T10:27:00Z,66
2023-01-17T10:28:00Z,59
2023-01-17T10:29:00Z,63
2023-01-17T10:30:00Z,66
2023-01-17T10:31:00Z,68
2023-01-17T10:32:00Z,64
2023-01-17T10:33:00Z,63
2023-01-17T10:34:00Z,66
2023-01-17T10:35:00Z,67
2023-01-17T10:36:00Z,68
2023-01-17T10:37:00Z,69
2023-01-17T10:38:00Z,70
2023-01-17T10:39:00Z,71
2023-01-17T10:40:00Z,68
2023-01-17T10:41:00Z,62
2023-01-17T10:42:00Z,59
2023-01-17T10:43:00Z,67
2023-01-17T10:44:00Z,63
2023-01-17T10:45:00Z,58
2023-01-17T10:46:00Z,58
2023-01-17T10:47:00Z,58
2023-01-17T10:48:00Z,58
2023-01-17T10:49:00Z,59
2023-01-17T10:50:00Z,61
2023-01-17T10:51:00Z,59
2023-01-17T10:52:00Z,59
2023-01-17T10:53:00Z,57
2023-01-17T10:54:00Z,62
2023-01-17T10:55:00Z,68
2023-01-17T10:56:00Z,72
2023-01-17T10:57:00Z,62
2023-01-17T10:58:00Z,60
2023-01-17T10:59:00Z,63
2023-01-17T11:00:00Z,61
2023-01-17T11:01:00Z,61
2023-01-17T11:02:00Z,68
2023-01-17T11:03:00Z,64
2023-01-17T11:04:00Z,57
2023-01-17T11:05:00Z,62
2023-01-17T11:06:00Z,62
2023-01-17T11:07:00Z,62
2023-01-17T11:08:00Z,62
2023-01-17T11:09:00Z,65
2023-01-17T11:10:00Z,63
2023-01-17T11:11:00Z,63
2023-01-17T11:12:00Z,63
2023-01-17T11:13:00Z,62
2023-01-17T11:14:00Z,65
2023-01-17T11:15:00Z,59
2023-01-17T11:16:00Z,61
2023-01-17T11:17:00Z,63
2023-01-17T11:18:00Z,63
2023-01-17T11:19:00Z,63
2023-01-17T11:20:00Z,66
2023-01-17T11:21:00Z,66
2023-01-17T11:22:00Z,66
2023-01-17T11:23:00Z,65
2023-01-17T11:24:00Z,67
2023-01-17T11:25:00Z,60
2023-01-17T11:26:00Z,69
2023-01-17T11:27:00Z,73
2023-01-17T11:28:00Z,71
2023-01-17T11:29:00Z,71
2023-01-17T11:30:00Z,73
2023-01-17T11:31:00Z,76
2023-01-17T11:32:00Z,84
2023-01-17T11:33:00Z,87
2023-01-17T11:34:00Z,97
2023-01-17T11:35:00Z,90
2023-01-17T11:36:00Z,91
2023-01-17T11:37:00Z,87
2023-01-17T11:38:00Z,84
2023-01-17T11:39:00Z,85
2023-01-17T11:40:00Z,87
2023-01-17T11:41:00Z,82
2023-01-17T11:42:00Z,79
2023-01-17T11:43:00Z,84
2023-01-17T11:44:00Z,81
2023-01-17T11:45:00Z,77
2023-01-17T11:46:00Z,75
2023-01-17T11:47:00Z,72
2023-01-17T11:48:00Z,71
2023-01-17T11:49:00Z,65
2023-01-17T11:50:00Z,65
2023-01-17T11:51:00Z,68
2023-01-17T12:50:00Z,73
2023-01-17T12:51:00Z,74
2023-01-17T12:52:00Z,68
2023-01-17T12:53:00Z,67
2023-01-17T12:54:00Z,63
2023-01-17T12:55:00Z,65
2023-01-17T12:56:00Z,72
2023-01-17T12:57:00Z,73
2023-01-17T12:58:00Z,70
2023-01-17T12:59:00Z,71
2023-01-17T13:00:00Z,74
2023-01-17T13:01:00Z,77
2023-01-17T13:02:00Z,78
2023-01-17T13:03:00Z,76
2023-01-17T13:04:00Z,75
2023-01-17T13:05:00Z,75
2023-01-17T13:06:00Z,72
2023-01-17T13:07:00Z,76
2023-01-17T13:08:00Z,74
2023-01-17T13:09:00Z,73
2023-01-17T13:10:00Z,73
2023-01-17T13:11:00Z,74
2023-01-17T13:12:00Z,79
2023-01-17T13:13:00Z,74
2023-01-17T13:14:00Z,69
2023-01-17T13:15:00Z,68
2023-01-17T13:16:00Z,70
2023-01-17T13:17:00Z,70
2023-01-17T13:18:00Z,68
2023-01-17T13:19:00Z,64
2023-01-17T13:20:00Z,65
2023-01-17T13:21:00Z,70
2023-01-17T13:22:00Z,68
2023-01-17T13:23:00Z,67
2023-01-17T13:24:00Z,68
2023-01-17T13:25:00Z,69
2023-01-17T13:26:00Z,68
2023-01-17T13:27:00Z,66
2023-01-17T13:28:00Z,72
2023-01-17T13:29:00Z,75
2023-01-17T13:30:00Z,77
2023-01-17T13:31:00Z,80
2023-01-17T13:32:00Z,81
2023-01-17T13:33:00Z,79
2023-01-17T13:34:00Z,76
2023-01-17T13:35:00Z,77
2023-01-17T13:36:00Z,81
2023-01-17T13:37:00Z,81
2023-01-17T13:38:00Z,77
2023-01-17T13:39:00Z,74
2023-01-17T13:40:00Z,76
2023-01-17T13:41:00Z,73
2023-01-17T13:42:00Z,73
2023-01-17T13:43:00Z,71
2023-01-17T13:44:00Z,69
2023-01-17T13:45:00Z,69
2023-01-17T13:46:00Z,71
2023-01-17T13:47:00Z,68
2023-01-17T13:48:00Z,67
2023-01-17T13:49:00Z,67
2023-01-17T13:50:00Z,67
2023-01-17T13:51:00Z,73
2023-01-17T13:52:00Z,76
2023-01-17T13:53:00Z,76
2023-01-17T13:54:00Z,70
2023-01-17T13:55:00Z,67
2023-01-17T13:56:00Z,66
2023-01-17T13:57:00Z,71
2023-01-17T13:58:00Z,72
2023-01-17T13:59:00Z,70
2023-01-17T14:00:00Z,71
2023-01-17T14:01:00Z,70
2023-01-17T14:02:00Z,74
2023-01-17T14:03:00Z,73
2023-01-17T14:04:00Z,72
2023-01-17T14:05:00Z,70
2023-01-17T14:06:00Z,68
2023-01-17T14:07:00Z,64
2023-01-17T14:08:00Z,68
2023-01-17T14:09:00Z,64
2023-01-17T14:10:00Z,63
2023-01-17T14:11:00Z,67
2023-01-17T14:12:00Z,70
2023-01-17T14:13:00Z,71
2023-01-17T14:14:00Z,69
2023-01-17T14:15:00Z,71
2023-01-17T14:16:00Z,72
2023-01-17T14:17:00Z,68
2023-01-17T14:18:00Z,63
2023-01-17T14:19:00Z,65
2023-01-17T14:20:00Z,72
2023-01-17T14:21:00Z,70
2023-01-17T14:22:00Z,72
2023-01-17T14:23:00Z,73
2023-01-17T14:24:00Z,72
2023-01-17T14:25:00Z,73
2023-01-17T14:26:00Z,76
2023-01-17T14:27:00Z,84
2023-01-17T14:28:00Z,90
2023-01-17T14:29:00Z,110
2023-01-17T14:30:00Z,101
2023-01-17T14:31:00Z,88
2023-01-17T14:32:00Z,86
2023-01-17T14:33:00Z,81
2023-01-17T14:34:00Z,81
2023-01-17T14:35:00Z,83
2023-01-17T14:36:00Z,81
2023-01-17T14:37:00Z,79
2023-01-17T14:38:00Z,82
2023-01-17T14:39:00Z,81
2023-01-17T14:40:00Z,74
2023-01-17T14:41:00Z,72
2023-01-17T14:42:00Z,83
2023-01-17T14:43:00Z,99
2023-01-17T14:44:00Z,96
2023-01-17T14:45:00Z,97
2023-01-17T14:46:00Z,89
2023-01-17T14:47:00Z,84
2023-01-17T14:48:00Z,77
2023-01-17T14:49:00Z,81
2023-01-17T14:50:00Z,91
2023-01-17T14:51:00Z,98
2023-01-17T14:52:00Z,98
2023-01-17T14:53:00Z,107
2023-01-17T14:54:00Z,103
2023-01-17T14:55:00Z,81
2023-01-17T14:56:00Z,75
2023-01-17T14:57:00Z,74
2023-01-17T14:58:00Z,75
2023-01-17T14:59:00Z,71
2023-01-17T15:00:00Z,71
2023-01-17T15:01:00Z,73
2023-01-17T15:02:00Z,74
2023-01-17T15:03:00Z,76
2023-01-17T15:04:00Z,80
2023-01-17T15:05:00Z,79
2023-01-17T15:06:00Z,79
2023-01-17T15:07:00Z,75
2023-01-17T15:08:00Z,88
2023-01-17T15:09:00Z,77
2023-01-17T15:10:00Z,78
2023-01-17T15:11:00Z,83
2023-01-17T15:12:00Z,85
2023-01-17T15:13:00Z,93
2023-01-17T15:14:00Z,108
2023-01-17T15:15:00Z,100
2023-01-17T15:16:00Z,94
2023-01-17T15:17:00Z,94
2023-01-17T15:18:00Z,96
2023-01-17T15:19:00Z,95
2023-01-17T15:20:00Z,97
2023-01-17T15:21:00Z,99
2023-01-17T15:22:00Z,98
2023-01-17T15:23:00Z,90
2023-01-17T15:24:00Z,80
2023-01-17T15:25:00Z,77
2023-01-17T15:26:00Z,77
2023-01-17T15:27:00Z,78
2023-01-17T15:28:00Z,72
2023-01-17T15:29:00Z,68
2023-01-17T15:30:00Z,66
2023-01-17T15:31:00Z,67
2023-01-17T15:32:00Z,68
2023-01-17T15:33:00Z,67
2023-01-17T15:34:00Z,70
2023-01-17T15:35:00Z,64
2023-01-17T15:36:00Z,64
2023-01-17T15:37:00Z,61
2023-01-17T15:38:00Z,63
2023-01-17T15:39:00Z,64
2023-01-17T15:40:00Z,62
2023-01-17T15:41:00Z,58
2023-01-17T15:42:00Z,60
2023-01-17T15:43:00Z,60
2023-01-17T15:44:00Z,64
2023-01-17T15:45:00Z,84
2023-01-17T15:46:00Z,75
2023-01-17T15:47:00Z,70
2023-01-17T15:48:00Z,69
2023-01-17T15:49:00Z,70
2023-01-17T15:50:00Z,69
2023-01-17T15:51:00Z,72
2023-01-17T15:52:00Z,66
2023-01-17T15:53:00Z,64
2023-01-17T15:54:00Z,66
2023-01-17T15:55:00Z,69
2023-01-17T15:56:00Z,62
2023-01-17T15:57:00Z,60
2023-01-17T15:58:00Z,62
2023-01-17T15:59:00Z,59
2023-01-17T16:00:00Z,61
2023-01-17T16:01:00Z,58
2023-01-17T16:02:00Z,62
2023-01-17T16:03:00Z,63
2023-01-17T16:04:00Z,54
2023-01-17T16:05:00Z,58
2023-01-17T16:06:00Z,66
2023-01-17T16:07:00Z,62
2023-01-17T16:08:00Z,63
2023-01-17T16:09:00Z,61
2023-01-17T16:10:00Z,61
2023-01-17T16:11:00Z,60
2023-01-17T16:12:00Z,62
2023-01-17T16:13:00Z,62
2023-01-17T16:14:00Z,62
2023-01-17T16:15:00Z,61
2023-01-17T16:16:00Z,68
2023-01-17T16:17:00Z,66
2023-01-17T16:18:00Z,60
2023-01-17T16:19:00Z,63
2023-01-17T16:20:00Z,62
2023-01-17T16:21:00Z,61
2023-01-17T16:22:00Z,63
2023-01-17T16:23:00Z,60
2023-01-17T16:24:00Z,60
2023-01-17T16:25:00Z,60
2023-01-17T16:26:00Z,65
2023-01-17T16:27:00Z,65
2023-01-17T16:28:00Z,68
2023-01-17T16:29:00Z,64
2023-01-17T16:30:00Z,66
2023-01-17T16:31:00Z,65
2023-01-17T16:32:00Z,65
2023-01-17T16:33:00Z,66
2023-01-17T16:34:00Z,66
2023-01-17T16:35:00Z,69
2023-01-17T16:36:00Z,68
2023-01-17T16:37:00Z,64
2023-01-17T16:38:00Z,65
2023-01-17T16:39:00Z,70
2023-01-17T16:40:00Z,75
2023-01-17T16:41:00Z,76
2023-01-17T16:42:00Z,72
2023-01-17T16:43:00Z,68
2023-01-17T16:44:00Z,69
2023-01-17T16:45:00Z,65
2023-01-17T16:46:00Z,64
2023-01-17T16:47:00Z,66
2023-01-17T16:48:00Z,65
2023-01-17T16:49:00Z,65
2023-01-17T16:50:00Z,62
2023-01-17T16:51:00Z,70
2023-01-17T16:52:00Z,74
2023-01-17T16:53:00Z,72
2023-01-17T16:54:00Z,71
2023-01-17T16:55:00Z,71
2023-01-17T16:56:00Z,65
2023-01-17T16:57:00Z,65
2023-01-17T16:58:00Z,64
2023-01-17T16:59:00Z,61
2023-01-17T17:00:00Z,64
2023-01-17T17:01:00Z,68
2023-01-17T17:02:00Z,66
2023-01-17T17:03:00Z,61
2023-01-17T17:04:00Z,60
2023-01-17T17:05:00Z,58
2023-01-17T17:06:00Z,59
2023-01-17T17:07:00Z,62
2023-01-17T17:08:00Z,61
2023-01-17T17:09:00Z,64
2023-01-17T17:10:00Z,66
2023-01-17T17:11:00Z,66
2023-01-17T17:12:00Z,65
2023-01-17T17:13:00Z,64
2023-01-17T17:14:00Z,66
2023-01-17T17:15:00Z,71
2023-01-17T17:16:00Z,70
2023-01-17T17:17:00Z,72
2023-01-17T17:18:00Z,76
2023-01-17T17:19:00Z,77
2023-01-17T17:20:00Z,78
2023-01-17T17:21:00Z,76
2023-01-17T17:22:00Z,72
2023-01-17T17:23:00Z,73
2023-01-17T17:24:00Z,71
2023-01-17T17:25:00Z,69
2023-01-17T17:26:00Z,70
2023-01-17T17:27:00Z,71
2023-01-17T17:28:00Z,74
2023-01-17T17:29:00Z,75
2023-01-17T17:30:00Z,72
2023-01-17T17:31:00Z,73
2023-01-17T17:32:00Z,79
2023-01-17T17:33:00Z,68
2023-01-17T17:34:00Z,66
2023-01-17T17:35:00Z,62
2023-01-17T17:36:00Z,60
2023-01-17T17:37:00Z,62
2023-01-17T17:38:00Z,65
2023-01-17T17:39:00Z,72
2023-01-17T17:40:00Z,73
2023-01-17T17:41:00Z,78
2023-01-17T17:42:00Z,77
2023-01-17T17:43:00Z,82
2023-01-17T17:44:00Z,85
2023-01-17T17:45:00Z,83
2023-01-17T17:46:00Z,66
2023-01-17T17:47:00Z,70
2023-01-17T17:48:00Z,74
2023-01-17T17:49:00Z,74
2023-01-17T17:50:00Z,71
2023-01-17T17:51:00Z,71
2023-01-17T17:52:00Z,73
2023-01-17T17:53:00Z,76
2023-01-17T17:54:00Z,78
2023-01-17T17:55:00Z,81
2023-01-17T17:56:00Z,84
2023-01-17T17:57:00Z,83
2023-01-17T17:58:00Z,83
2023-01-17T17:59:00Z,82
2023-01-17T18:00:00Z,79
2023-01-17T18:01:00Z,79
2023-01-17T18:02:00Z,84
2023-01-17T18:03:00Z,82
2023-01-17T18:04:00Z,91
2023-01-17T18:05:00Z,92
2023-01-17T18:06:00Z,91
2023-01-17T18:07:00Z,89
2023-01-17T18:08:00Z,83
2023-01-17T18:09:00Z,79
2023-01-17T18:10:00Z,78
2023-01-17T18:11:00Z,81
2023-01-17T18:12:00Z,75
2023-01-17T18:13:00Z,78
2023-01-17T18:14:00Z,74
2023-01-17T18:15:00Z,72
2023-01-17T18:16:00Z,71
2023-01-17T18:17:00Z,73
2023-01-17T18:18:00Z,73
2023-01-17T18:19:00Z,70
2023-01-17T18:20:00Z,71
2023-01-17T18:21:00Z,69
2023-01-17T18:22:00Z,70
2023-01-17T18:23:00Z,70
2023-01-17T18:24:00Z,75
2023-01-17T18:25:00Z,77
2023-01-17T18:26:00Z,73
2023-01-17T18:27:00Z,72
2023-01-17T18:28:00Z,77
2023-01-17T18:29:00Z,75
2023-01-17T18:30:00Z,77
2023-01-17T18:31:00Z,77
2023-01-17T18:32:00Z,74
2023-01-17T18:33:00Z,71
2023-01-17T18:34:00Z,70
2023-01-17T18:35:00Z,69
2023-01-17T18:36:00Z,72
2023-01-17T18:37:00Z,74
2023-01-17T18:38:00Z,77
2023-01-17T18:39:00Z,79
2023-01-17T18:40:00Z,78
2023-01-17T18:41:00Z,77
2023-01-17T18:42:00Z,76
2023-01-17T18:43:00Z,84
2023-01-17T18:44:00Z,103
2023-01-17T18:45:00Z,106
2023-01-17T18:46:00Z,108
2023-01-17T18:47:00Z,99
2023-01-17T18:48:00Z,84
2023-01-17T18:49:00Z,78
2023-01-17T18:50:00Z,92
2023-01-17T18:51:00Z,79
2023-01-17T18:52:00Z,75
2023-01-17T18:53:00Z,75
2023-01-17T18:54:00Z,75
2023-01-17T18:55:00Z,78
2023-01-17T18:56:00Z,75
2023-01-17T18:57:00Z,79
2023-01-17T18:58:00Z,77
2023-01-17T18:59:00Z,75
2023-01-17T19:00:00Z,75
2023-01-17T19:01:00Z,74
2023-01-17T19:02:00Z,75
2023-01-17T19:03:00Z,76
2023-01-17T19:04:00Z,74
2023-01-17T19:05:00Z,74
2023-01-17T19:06:00Z,75
2023-01-17T19:07:00Z,76
2023-01-17T19:08:00Z,76
2023-01-17T19:09:00Z,74
2023-01-17T19:10:00Z,76
2023-01-17T19:11:00Z,79
2023-01-17T19:12:00Z,78
2023-01-17T19:13:00Z,77
2023-01-17T19:14:00Z,79
2023-01-17T19:15:00Z,82
2023-01-17T19:16:00Z,83
2023-01-17T19:17:00Z,80
2023-01-17T19:18:00Z,76
2023-01-17T19:19:00Z,79
2023-01-17T19:20:00Z,75
2023-01-17T19:21:00Z,75
2023-01-17T19:22:00Z,77
2023-01-17T19:23:00Z,74
2023-01-17T19:24:00Z,71
2023-01-17T19:25:00Z,73
2023-01-17T19:26:00Z,71
2023-01-17T19:27:00Z,66
2023-01-17T19:28:00Z,67
2023-01-17T19:29:00Z,80
2023-01-17T19:30:00Z,78
2023-01-17T19:31:00Z,70
2023-01-17T19:32:00Z,67
2023-01-17T19:33:00Z,68
2023-01-17T19:34:00Z,68
2023-01-17T19:35:00Z,67
2023-01-17T19:36:00Z,66
2023-01-17T19:37:00Z,67
2023-01-17T19:38:00Z,67
2023-01-17T19:39:00Z,69
2023-01-17T19:40:00Z,69
2023-01-17T19:41:00Z,68
2023-01-17T19:42:00Z,70
2023-01-17T19:43:00Z,71
2023-01-17T19:44:00Z,70
2023-01-17T19:45:00Z,71
2023-01-17T19:46:00Z,69
2023-01-17T19:47:00Z,67
2023-01-17T19:48:00Z,70
2023-01-17T19:49:00Z,72
2023-01-17T19:50:00Z,74
2023-01-17T19:51:00Z,74
2023-01-17T19:52:00Z,69
2023-01-17T19:53:00Z,75
2023-01-17T19:54:00Z,73
2023-01-17T19:55:00Z,74
2023-01-17T19:56:00Z,76
2023-01-17T19:57:00Z,81
2023-01-17T19:58:00Z,77
2023-01-17T19:59:00Z,71
2023-01-17T20:00:00Z,67
2023-01-17T20:01:00Z,64
2023-01-17T20:02:00Z,67
2023-01-17T20:03:00Z,69
2023-01-17T20:04:00Z,69
2023-01-17T20:05:00Z,67
2023-01-17T20:06:00Z,69
2023-01-17T20:07:00Z,69
2023-01-17T20:08:00Z,67
2023-01-17T20:09:00Z,70
2023-01-17T20:10:00Z,75
2023-01-17T20:11:00Z,70
2023-01-17T20:12:00Z,67
2023-01-17T20:13:00Z,62
2023-01-17T20:14:00Z,69
2023-01-17T20:15:00Z,74
2023-01-17T20:16:00Z,75
2023-01-17T20:17:00Z,72
2023-01-17T20:18:00Z,68
2023-01-17T20:19:00Z,72
2023-01-17T20:20:00Z,73
2023-01-17T20:21:00Z,75
2023-01-17T20:22:00Z,68
2023-01-17T20:23:00Z,63
2023-01-17T20:24:00Z,71
2023-01-17T20:25:00Z,77
2023-01-17T20:26:00Z,75
2023-01-17T20:27:00Z,80
2023-01-17T20:28:00Z,75
2023-01-17T20:29:00Z,68
2023-01-17T20:30:00Z,63
2023-01-17T20:31:00Z,65
2023-01-17T20:32:00Z,66
2023-01-17T20:33:00Z,78
2023-01-17T20:34:00Z,75
2023-01-17T20:35:00Z,70
2023-01-17T20:36:00Z,76
2023-01-17T20:37:00Z,73
2023-01-17T20:38:00Z,68
2023-01-17T20:39:00Z,71
2023-01-17T20:40:00Z,70
2023-01-17T20:41:00Z,67
2023-01-17T20:42:00Z,75
2023-01-17T20:43:00Z,75
2023-01-17T20:44:00Z,70
2023-01-17T20:45:00Z,73
2023-01-17T20:46:00Z,79
2023-01-17T20:47:00Z,77
2023-01-17T20:48:00Z,70
2023-01-17T20:49:00Z,72
2023-01-17T20:50:00Z,76
2023-01-17T20:51:00Z,74
2023-01-17T20:52:00Z,76
2023-01-17T20:53:00Z,75
2023-01-17T20:54:00Z,74
2023-01-17T20:55:00Z,76
2023-01-17T20:56:00Z,75
2023-01-17T20:57:00Z,75
2023-01-17T20:58:00Z,78
2023-01-17T20:59:00Z,73
2023-01-17T21:00:00Z,78
2023-01-17T21:01:00Z,78
2023-01-17T21:02:00Z,81
2023-01-17T21:03:00Z,78
2023-01-17T21:04:00Z,76
2023-01-17T21:05:00Z,80
2023-01-17T21:06:00Z,79
2023-01-17T21:07:00Z,88
2023-01-17T21:08:00Z,89
2023-01-17T21:09:00Z,83
2023-01-17T21:10:00Z,70
2023-01-17T21:11:00Z,78
2023-01-17T21:12:00Z,76
2023-01-17T21:13:00Z,73
2023-01-17T21:14:00Z,73
2023-01-17T21:15:00Z,76
2023-01-17T21:16:00Z,77
2023-01-17T21:17:00Z,78
2023-01-17T21:18:00Z,77
2023-01-17T21:19:00Z,69
2023-01-17T21:20:00Z,63
2023-01-17T21:21:00Z,62
2023-01-17T21:22:00Z,64
2023-01-17T21:23:00Z,66
2023-01-17T21:24:00Z,65
2023-01-17T21:25:00Z,63
2023-01-17T21:26:00Z,67
2023-01-17T21:27:00Z,68
2023-01-17T21:28:00Z,70
2023-01-17T21:29:00Z,68
2023-01-17T21:30:00Z,67
2023-01-17T21:31:00Z,67
2023-01-17T21:32:00Z,69
2023-01-17T21:33:00Z,69
2023-01-17T21:34:00Z,70
2023-01-17T21:35:00Z,66
2023-01-17T21:36:00Z,69
2023-01-17T21:37:00Z,70
2023-01-17T21:38:00Z,71
2023-01-17T21:39:00Z,69
2023-01-17T21:40:00Z,70
2023-01-17T21:41:00Z,72
2023-01-17T21:42:00Z,69
2023-01-17T21:43:00Z,74
2023-01-17T21:44:00Z,74
2023-01-17T21:45:00Z,73
2023-01-17T21:46:00Z,70
2023-01-17T21:47:00Z,73
2023-01-17T21:48:00Z,71
2023-01-17T21:49:00Z,74
2023-01-17T21:50:00Z,75
2023-01-17T21:51:00Z,80
2023-01-17T21:52:00Z,81
2023-01-17T21:53:00Z,71
2023-01-17T21:54:00Z,73
2023-01-17T21:55:00Z,76
2023-01-17T21:56:00Z,76
2023-01-17T21:57:00Z,70
2023-01-17T21:58:00Z,74
2023-01-17T21:59:00Z,74
2023-01-17T22:00:00Z,78
2023-01-17T22:01:00Z,85
2023-01-17T22:02:00Z,89
2023-01-17T22:03:00Z,76
2023-01-17T22:04:00Z,77
2023-01-17T22:05:00Z,80
2023-01-17T22:06:00Z,77
2023-01-17T22:07:00Z,73
2023-01-17T22:08:00Z,73
2023-01-17T22:09:00Z,72
2023-01-17T22:10:00Z,69
2023-01-17T22:11:00Z,70
2023-01-17T22:12:00Z,71
2023-01-17T22:13:00Z,70
2023-01-17T22:14:00Z,69
2023-01-17T22:15:00Z,66
2023-01-17T22:16:00Z,72
2023-01-17T22:17:00Z,74
2023-01-17T22:18:00Z,69
2023-01-17T22:19:00Z,69
2023-01-17T22:20:00Z,68
2023-01-17T22:21:00Z,67
2023-01-17T22:22:00Z,66
2023-01-17T22:23:00Z,66
2023-01-17T22:24:00Z,68
2023-01-17T22:25:00Z,67
2023-01-17T22:26:00Z,65
2023-01-17T22:27:00Z,65
2023-01-17T22:28:00Z,65
2023-01-17T22:29:00Z,63
2023-01-17T22:30:00Z,68
2023-01-17T22:31:00Z,61
2023-01-17T22:32:00Z,63
2023-01-17T22:33:00Z,65
2023-01-17T22:34:00Z,65
2023-01-17T22:35:00Z,66
2023-01-17T22:36:00Z,66
2023-01-17T22:37:00Z,62
2023-01-17T22:38:00Z,62
2023-01-17T22:39:00Z,64
2023-01-17T22:40:00Z,65
2023-01-17T22:41:00Z,63
2023-01-17T22:42:00Z,62
2023-01-17T22:43:00Z,66
2023-01-17T22:44:00Z,68
2023-01-17T22:45:00Z,67
2023-01-17T22:46:00Z,67
2023-01-17T22:47:00Z,65
2023-01-17T22:48:00Z,65
2023-01-17T22:49:00Z,67
2023-01-17T22:50:00Z,70
2023-01-17T22:51:00Z,68
2023-01-17T22:52:00Z,65
2023-01-17T22:53:00Z,66
2023-01-17T22:54:00Z,63
2023-01-17T22:55:00Z,66
2023-01-17T22:56:00Z,67
2023-01-17T22:57:00Z,67
2023-01-17T22:58:00Z,66
2023-01-17T22:59:00Z,65
2023-01-17T23:00:00Z,64
2023-01-17T23:01:00Z,62
2023-01-17T23:02:00Z,59
2023-01-17T23:03:00Z,62
2023-01-17T23:04:00Z,62
2023-01-17T23:05:00Z,66
2023-01-17T23:06:00Z,65
2023-01-17T23:07:00Z,61
2023-01-17T23:08:00Z,61
2023-01-17T23:09:00Z,64
2023-01-17T23:10:00Z,65
2023-01-17T23:11:00Z,63
2023-01-17T23:12:00Z,65
2023-01-17T23:13:00Z,64
2023-01-17T23:14:00Z,65
2023-01-17T23:15:00Z,66
2023-01-17T23:16:00Z,67
2023-01-17T23:17:00Z,65
2023-01-17T23:18:00Z,60
2023-01-17T23:19:00Z,63
2023-01-17T23:20:00Z,63
2023-01-17T23:21:00Z,63
2023-01-17T23:22:00Z,63
2023-01-17T23:23:00Z,64
2023-01-17T23:24:00Z,64
2023-01-17T23:25:00Z,69
2023-01-17T23:26:00Z,66
2023-01-17T23:27:00Z,65
2023-01-17T23:28:00Z,65
2023-01-17T23:30:00Z,62
2023-01-17T23:31:00Z,62
2023-01-17T23:32:00Z,60
2023-01-17T23:33:00Z,62
2023-01-17T23:34:00Z,63
2023-01-17T23:35:00Z,61
2023-01-17T23:36:00Z,60
2023-01-17T23:37:00Z,61
2023-01-17T23:38:00Z,61
2023-01-17T23:39:00Z,59
2023-01-17T23:40:00Z,59
2023-01-17T23:41:00Z,59
2023-01-17T23:42:00Z,60
2023-01-17T23:43:00Z,60
2023-01-17T23:45:00Z,61
2023-01-17T23:46:00Z,61
2023-01-17T23:47:00Z,60
2023-01-17T23:48:00Z,63
2023-01-17T23:49:00Z,61
2023-01-17T23:50:00Z,61
2023-01-17T23:51:00Z,59
2023-01-17T23:52:00Z,62
2023-01-17T23:53:00Z,62
2023-01-17T23:54:00Z,58
2023-01-17T23:55:00Z,58
2023-01-17T23:56:00Z,62
2023-01-17T23:57:00Z,63
2023-01-17T23:58:00Z,64
2023-01-17T23:59:00Z,64
